Phone,Full_Name,Final_Classification,Confidence,Top_Address,Notes
13363109065,,UNKNOWN,40,No likely match (manual review),DRY_RUN sample result - replace with provider output for production
13363109065,,UNKNOWN,40,No likely match (manual review),DRY_RUN sample result - replace with provider output for production
13363109065,,UNKNOWN,40,No likely match (manual review),DRY_RUN sample result - replace with provider output for production
13363109065,,UNKNOWN,40,No likely match (manual review),DRY_RUN sample result - replace with provider output for production
13363109065,,UNKNOWN,40,No likely match (manual review),DRY_RUN sample result - replace with provider output for production
13363109065,,UNKNOWN,40,No likely match (manual review),DRY_RUN sample result - replace with provider output for production
13363109065,,UNKNOWN,40,No likely match (manual review),DRY_RUN sample result - replace with provider output for production
13363109065,,UNKNOWN,40,No likely match (manual review),DRY_RUN sample result - replace with provider output for production
13363109065,,UNKNOWN,40,No likely match (manual review),DRY_RUN sample result - replace with provider output for production
13363109065,,UNKNOWN,40,No likely match (manual review),DRY_RUN sample result - replace with provider output for production
13363109065,,UNKNOWN,40,No likely match (manual review),DRY_RUN sample result - replace with provider output for production
13363109065,,UNKNOWN,40,No likely match (manual review),DRY_RUN sample result - replace with provider output for production
13363109065,,UNKNOWN,40,No likely match (manual review),DRY_RUN sample result - replace with provider output for production
13363109065,,UNKNOWN,40,No likely match (manual review),DRY_RUN sample result - replace with provider output for production
13363109065,,UNKNOWN,40,No likely match (manual review),DRY_RUN sample result - replace with provider output for production
13363109065,,UNKNOWN,40,No likely match (manual review),DRY_RUN sample result - replace with provider output for production
13363109065,,UNKNOWN,40,No likely match (manual review),DRY_RUN sample result - replace with provider output for production
13363109065,,UNKNOWN,40,No likely match (manual review),DRY_RUN sample result - replace with provider output for production
13363109065,,UNKNOWN,40,No likely match (manual review),DRY_RUN sample result - replace with provider output for production
13363109065,,UNKNOWN,40,No likely match (manual review),DRY_RUN sample result - replace with provider output for production
13363109065,,UNKNOWN,40,No likely match (manual review),DRY_RUN sample result - replace with provider output for production
13363109065,,UNKNOWN,40,No likely match (manual review),DRY_RUN sample result - replace with provider output for production
13363109065,,UNKNOWN,40,No likely match (manual review),DRY_RUN sample result - replace with provider output for production
13363109065,,UNKNOWN,40,No likely match (manual review),DRY_RUN sample result - replace with provider output for production
13363109065,,UNKNOWN,40,No likely match (manual review),DRY_RUN sample result - replace with provider output for production
13363109065,,UNKNOWN,40,No likely match (manual review),DRY_RUN sample result - replace with provider output for production
13363109065,,UNKNOWN,40,No likely match (manual review),DRY_RUN sample result - replace with provider output for production
13363109065,,UNKNOWN,40,No likely match (manual review),DRY_RUN sample result - replace with provider output for production
13363109065,,UNKNOWN,40,No likely match (manual review),DRY_RUN sample result - replace with provider output for production
13363109065,,UNKNOWN,40,No likely match (manual review),DRY_RUN sample result - replace with provider output for production
13363109065,,UNKNOWN,40,No likely match (manual review),DRY_RUN sample result - replace with provider output for production
13363109065,,UNKNOWN,40,No likely match (manual review),DRY_RUN sample result - replace with provider output for production
13363109065,,UNKNOWN,40,No likely match (manual review),DRY_RUN sample result - replace with provider output for production
13363109065,,UNKNOWN,40,No likely match (manual review),DRY_RUN sample result - replace with provider output for production
13363109065,,UNKNOWN,40,No likely match (manual review),DRY_RUN sample result - replace with provider output for production
13363109065,,UNKNOWN,40,No likely match (manual review),DRY_RUN sample result - replace with provider output for production
13363109065,,UNKNOWN,40,No likely match (manual review),DRY_RUN sample result - replace with provider output for production
13363109065,,UNKNOWN,40,No likely match (manual review),DRY_RUN sample result - replace with provider output for production
13363109065,,UNKNOWN,40,No likely match (manual review),DRY_RUN sample result - replace with provider output for production
13363109065,,UNKNOWN,40,No likely match (manual review),DRY_RUN sample result - replace with provider output for production
13363109065,,UNKNOWN,40,No likely match (manual review),DRY_RUN sample result - replace with provider output for production
13363109065,,UNKNOWN,40,No likely match (manual review),DRY_RUN sample result - replace with provider output for production
13363109065,,UNKNOWN,40,No likely match (manual review),DRY_RUN sample result - replace with provider output for production
13363109065,,UNKNOWN,40,No likely match (manual review),DRY_RUN sample result - replace with provider output for production
13363109065,,UNKNOWN,40,No likely match (manual review),DRY_RUN sample result - replace with provider output for production
13363109065,,UNKNOWN,40,No likely match (manual review),DRY_RUN sample result - replace with provider output for production
13363109065,,UNKNOWN,40,No likely match (manual review),DRY_RUN sample result - replace with provider output for production
13363109065,,UNKNOWN,40,No likely match (manual review),DRY_RUN sample result - replace with provider output for production
13363109065,,UNKNOWN,40,No likely match (manual review),DRY_RUN sample result - replace with provider output for production
13363109065,,UNKNOWN,40,No likely match (manual review),DRY_RUN sample result - replace with provider output for production